{"stats":{"minecraft:killed":{"graveyard:revenant":1,"minecraft:spider":1},"minecraft:picked_up":{"minecraft:crafting_table":1,"minecraft:sweet_berries":37,"graveyard:corruption":1,"minecraft:spruce_sapling":13,"twigs:twig":6,"minecraft:spruce_log":34,"minecraft:spider_eye":1,"minecraft:string":2},"minecraft:mined":{"minecraft:grass":1,"minecraft:sweet_berry_bush":16,"minecraft:spruce_leaves":3,"treechop:chopped_log":5,"minecraft:crafting_table":1},"minecraft:custom":{"minecraft:time_since_rest":11464,"minecraft:crouch_one_cm":549,"minecraft:play_time":11464,"minecraft:sprint_one_cm":22759,"minecraft:damage_taken":221,"minecraft:walk_one_cm":20908,"minecraft:damage_blocked_by_shield":152,"minecraft:sneak_time":218,"minecraft:mob_kills":2,"minecraft:jump":40,"minecraft:damage_dealt":411,"minecraft:walk_on_water_one_cm":669,"minecraft:leave_game":8,"minecraft:time_since_death":11464,"minecraft:total_world_time":11464,"minecraft:hex":0,"minecraft:interact_with_crafting_table":1,"minecraft:fall_one_cm":896,"minecraft:fly_one_cm":7794},"minecraft:used":{"minecraft:wooden_axe":18,"minecraft:stone_sword":13,"minecraft:sweet_berries":5,"minecraft:crafting_table":1,"minecraft:shield":6},"minecraft:crafted":{"minecraft:crafting_table":1,"minecraft:spruce_planks":8,"minecraft:stick":10,"minecraft:wooden_axe":1}},"DataVersion":3465}