{"stats":{"minecraft:mined":{"minecraft:birch_log":7,"minecraft:andesite":12,"minecraft:birch_leaves":3,"minecraft:crafting_table":1,"minecraft:short_grass":1,"minecraft:coal_ore":63,"minecraft:grass_block":2,"minecraft:oak_log":6,"minecraft:dirt":1,"minecraft:sand":1,"minecraft:cobblestone":24,"minecraft:copper_ore":12,"minecraft:stone":65,"minecraft:diorite":2,"minecraft:oak_leaves":2},"minecraft:broken":{"minecraft:stone_pickaxe":1},"minecraft:killed_by":{"minecraft:spider":1,"minecraft:zombie":1},"minecraft:used":{"minecraft:diorite":2,"minecraft:stone_sword":33,"minecraft:stone_pickaxe":142,"minecraft:wooden_pickaxe":36,"minecraft:torch":2,"minecraft:cobblestone":41,"minecraft:crafting_table":2,"minecraft:furnace":1,"minecraft:cooked_porkchop":2},"minecraft:custom":{"minecraft:time_since_rest":4224,"minecraft:interact_with_furnace":8,"minecraft:sprint_one_cm":56455,"minecraft:damage_taken":680,"minecraft:walk_one_cm":29769,"minecraft:mob_kills":10,"minecraft:drop":1,"minecraft:damage_dealt":1387,"minecraft:interact_with_crafting_table":4,"minecraft:fly_one_cm":51852,"minecraft:crouch_one_cm":12454,"minecraft:play_time":22559,"minecraft:deaths":2,"minecraft:sneak_time":6276,"minecraft:jump":347,"minecraft:leave_game":1,"minecraft:walk_on_water_one_cm":3024,"minecraft:time_since_death":4193,"minecraft:total_world_time":22559,"minecraft:fall_one_cm":5053},"minecraft:dropped":{"minecraft:wooden_pickaxe":1},"minecraft:crafted":{"minecraft:oak_planks":20,"minecraft:cooked_porkchop":4,"minecraft:crafting_table":1,"minecraft:stick":16,"minecraft:wooden_pickaxe":1,"minecraft:stone_pickaxe":2,"minecraft:stone_sword":1,"minecraft:furnace":1,"minecraft:torch":12,"minecraft:air":0},"minecraft:picked_up":{"minecraft:birch_log":14,"minecraft:stick":6,"minecraft:crafting_table":1,"minecraft:andesite":22,"minecraft:torch":23,"minecraft:porkchop":11,"minecraft:sand":3,"minecraft:oak_log":10,"minecraft:diorite":2,"minecraft:string":1,"minecraft:spider_eye":1,"minecraft:dirt":7,"minecraft:raw_copper":88,"minecraft:arrow":4,"minecraft:stone_sword":2,"minecraft:bone":6,"minecraft:rotten_flesh":2,"minecraft:stone_pickaxe":3,"minecraft:gray_wool":2,"minecraft:mutton":12,"minecraft:oak_planks":6,"minecraft:coal":168,"minecraft:white_wool":4,"minecraft:cobblestone":113,"minecraft:furnace":2},"minecraft:killed":{"minecraft:sheep":3,"minecraft:skeleton":2,"minecraft:pig":3,"minecraft:spider":1}},"DataVersion":3953}