{"stats":{"minecraft:mined":{"minecraft:crafting_table":3,"minecraft:granite":5,"minecraft:short_grass":1,"minecraft:grass_block":2,"minecraft:copper_ore":12,"minecraft:cobblestone":24,"minecraft:diorite":4,"minecraft:wall_torch":2,"minecraft:furnace":2,"minecraft:birch_log":7,"minecraft:iron_ore":9,"minecraft:birch_leaves":3,"minecraft:andesite":13,"minecraft:oak_log":6,"minecraft:coal_ore":75,"minecraft:deepslate_iron_ore":4,"minecraft:sand":1,"minecraft:dirt":1,"minecraft:stone":71,"minecraft:oak_leaves":2,"minecraft:deepslate":1},"minecraft:broken":{"minecraft:stone_pickaxe":1},"minecraft:killed_by":{"minecraft:spider":1,"minecraft:zombie":1},"minecraft:custom":{"minecraft:interact_with_furnace":29,"minecraft:mob_kills":17,"minecraft:interact_with_crafting_table":14,"minecraft:leave_game":1,"minecraft:time_since_death":16193,"minecraft:time_since_rest":16224,"minecraft:sprint_one_cm":70258,"minecraft:damage_taken":1188,"minecraft:walk_one_cm":51063,"minecraft:drop":3,"minecraft:damage_dealt":2591,"minecraft:fly_one_cm":65370,"minecraft:crouch_one_cm":15637,"minecraft:play_time":34559,"minecraft:deaths":2,"minecraft:sneak_time":7589,"minecraft:walk_under_water_one_cm":455,"minecraft:jump":492,"minecraft:walk_on_water_one_cm":9597,"minecraft:total_world_time":34559,"minecraft:fall_one_cm":6576},"minecraft:used":{"minecraft:cooked_mutton":4,"minecraft:diorite":2,"minecraft:stone_sword":54,"minecraft:stone_pickaxe":161,"minecraft:wooden_pickaxe":36,"minecraft:iron_sword":5,"minecraft:torch":6,"minecraft:crafting_table":4,"minecraft:iron_pickaxe":23,"minecraft:cobblestone":41,"minecraft:furnace":2,"minecraft:cooked_porkchop":4},"minecraft:dropped":{"minecraft:stone_sword":1,"minecraft:stone_pickaxe":1,"minecraft:wooden_pickaxe":1},"minecraft:crafted":{"minecraft:oak_planks":20,"minecraft:cooked_porkchop":4,"minecraft:crafting_table":2,"minecraft:iron_helmet":1,"minecraft:wooden_pickaxe":1,"minecraft:iron_sword":1,"minecraft:furnace":1,"minecraft:bucket":1,"minecraft:cooked_mutton":6,"minecraft:air":0,"minecraft:stick":16,"minecraft:iron_ingot":13,"minecraft:iron_pickaxe":1,"minecraft:stone_pickaxe":2,"minecraft:stone_sword":1,"minecraft:torch":24},"minecraft:picked_up":{"minecraft:birch_log":14,"minecraft:crafting_table":3,"minecraft:andesite":23,"minecraft:oak_log":10,"minecraft:shield":1,"minecraft:dirt":7,"minecraft:string":1,"minecraft:raw_copper":88,"minecraft:bone":7,"minecraft:cobbled_deepslate":1,"minecraft:stone_pickaxe":3,"minecraft:oak_planks":6,"minecraft:furnace":4,"minecraft:raw_iron":13,"minecraft:stick":6,"minecraft:torch":24,"minecraft:porkchop":11,"minecraft:sand":3,"minecraft:diorite":3,"minecraft:spider_eye":1,"minecraft:stone_sword":2,"minecraft:arrow":5,"minecraft:rotten_flesh":4,"minecraft:granite":4,"minecraft:gray_wool":2,"minecraft:mutton":12,"minecraft:coal":181,"minecraft:white_wool":4,"minecraft:cobblestone":118},"minecraft:killed":{"minecraft:pig":3,"minecraft:spider":1,"minecraft:sheep":3,"minecraft:skeleton":3,"minecraft:zombie":4}},"DataVersion":3953}