{"stats":{"minecraft:picked_up":{"minecraft:leather_boots":1,"minecraft:stone_sword":1,"minecraft:bread":7,"minecraft:apple":9,"minecraft:torch":1},"minecraft:used":{"minecraft:bundle":1},"minecraft:mined":{"minecraft:sculk":1},"minecraft:dropped":{"minecraft:stone_sword":1,"minecraft:torch":1,"minecraft:bread":7,"minecraft:apple":9,"minecraft:leather_boots":1},"minecraft:custom":{"minecraft:time_since_rest":7158,"minecraft:crouch_one_cm":579,"minecraft:leave_game":2,"minecraft:play_time":7158,"minecraft:time_since_death":7158,"minecraft:walk_one_cm":3745,"minecraft:sneak_time":1321,"minecraft:total_world_time":7158,"minecraft:hex":0,"minecraft:drop":5,"minecraft:fly_one_cm":188866}},"DataVersion":3465}