{"stats":{"minecraft:mined":{"minecraft:oak_log":6,"minecraft:grass_block":1,"minecraft:coal_ore":48,"minecraft:sand":1,"minecraft:stone":23},"minecraft:killed_by":{"minecraft:zombie":1},"minecraft:used":{"minecraft:torch":2,"minecraft:crafting_table":1,"minecraft:stone_pickaxe":35,"minecraft:wooden_pickaxe":36},"minecraft:custom":{"minecraft:time_since_rest":932,"minecraft:deaths":1,"minecraft:damage_taken":225,"minecraft:play_time":10559,"minecraft:crouch_one_cm":5862,"minecraft:sprint_one_cm":15898,"minecraft:walk_one_cm":8556,"minecraft:sneak_time":2899,"minecraft:drop":1,"minecraft:jump":73,"minecraft:leave_game":1,"minecraft:time_since_death":857,"minecraft:walk_on_water_one_cm":3024,"minecraft:total_world_time":10559,"minecraft:interact_with_crafting_table":3,"minecraft:fly_one_cm":13893,"minecraft:fall_one_cm":1045},"minecraft:dropped":{"minecraft:wooden_pickaxe":1},"minecraft:crafted":{"minecraft:stone_sword":1,"minecraft:furnace":1,"minecraft:oak_planks":12,"minecraft:torch":12,"minecraft:crafting_table":1,"minecraft:stick":8,"minecraft:wooden_pickaxe":1,"minecraft:stone_pickaxe":1},"minecraft:picked_up":{"minecraft:stone_sword":1,"minecraft:torch":1,"minecraft:sand":1,"minecraft:oak_log":6,"minecraft:coal":48,"minecraft:dirt":1,"minecraft:cobblestone":23}},"DataVersion":3953}