{"stats":{"minecraft:mined":{"minecraft:coal_ore":48,"minecraft:grass_block":1,"minecraft:oak_log":6,"minecraft:sand":1,"minecraft:stone":23},"minecraft:used":{"minecraft:torch":2,"minecraft:crafting_table":1,"minecraft:stone_pickaxe":35,"minecraft:wooden_pickaxe":36},"minecraft:custom":{"minecraft:time_since_rest":8379,"minecraft:crouch_one_cm":5361,"minecraft:play_time":8379,"minecraft:sprint_one_cm":11957,"minecraft:walk_one_cm":7043,"minecraft:sneak_time":2754,"minecraft:drop":1,"minecraft:jump":57,"minecraft:leave_game":1,"minecraft:walk_on_water_one_cm":2283,"minecraft:time_since_death":8379,"minecraft:total_world_time":8379,"minecraft:interact_with_crafting_table":3,"minecraft:fall_one_cm":1045,"minecraft:fly_one_cm":11728},"minecraft:dropped":{"minecraft:wooden_pickaxe":1},"minecraft:crafted":{"minecraft:stone_sword":1,"minecraft:furnace":1,"minecraft:oak_planks":12,"minecraft:torch":12,"minecraft:crafting_table":1,"minecraft:stick":8,"minecraft:wooden_pickaxe":1,"minecraft:stone_pickaxe":1},"minecraft:picked_up":{"minecraft:torch":1,"minecraft:sand":1,"minecraft:oak_log":6,"minecraft:dirt":1,"minecraft:coal":48,"minecraft:cobblestone":23}},"DataVersion":3953}