{"stats":{"minecraft:mined":{"minecraft:crafting_table":6,"minecraft:granite":7,"minecraft:short_grass":2,"minecraft:grass_block":9,"minecraft:cobblestone":11,"minecraft:lapis_ore":3,"minecraft:oak_planks":4,"minecraft:diorite":1,"minecraft:sandstone":1,"minecraft:wall_torch":1,"minecraft:furnace":5,"minecraft:birch_log":25,"minecraft:iron_ore":41,"minecraft:andesite":2,"minecraft:deepslate_lapis_ore":1,"minecraft:coal_ore":59,"minecraft:oak_log":24,"minecraft:sand":14,"minecraft:dirt":17,"minecraft:stone":173,"minecraft:gold_ore":2,"minecraft:oak_leaves":5},"minecraft:broken":{"minecraft:stone_pickaxe":1},"minecraft:used":{"minecraft:iron_shovel":18,"minecraft:stone_pickaxe":131,"minecraft:oak_planks":27,"minecraft:wooden_pickaxe":24,"minecraft:iron_sword":32,"minecraft:iron_chestplate":1,"minecraft:torch":6,"minecraft:dirt":8,"minecraft:sand":3,"minecraft:crafting_table":6,"minecraft:iron_axe":39,"minecraft:iron_pickaxe":151,"minecraft:iron_boots":1,"minecraft:stone_axe":9,"minecraft:cobblestone":33,"minecraft:furnace":5,"minecraft:cooked_beef":6,"minecraft:iron_leggings":1},"minecraft:custom":{"minecraft:interact_with_furnace":36,"minecraft:mob_kills":12,"minecraft:interact_with_crafting_table":19,"minecraft:time_since_death":40252,"minecraft:time_since_rest":40252,"minecraft:sprint_one_cm":33688,"minecraft:damage_taken":518,"minecraft:walk_one_cm":108794,"minecraft:drop":4,"minecraft:damage_dealt":1754,"minecraft:fly_one_cm":31459,"minecraft:crouch_one_cm":7293,"minecraft:play_time":40252,"minecraft:sneak_time":3023,"minecraft:walk_under_water_one_cm":7871,"minecraft:jump":465,"minecraft:walk_on_water_one_cm":10631,"minecraft:total_world_time":40252,"minecraft:fall_one_cm":10060},"minecraft:dropped":{"minecraft:shield":1,"minecraft:diorite":1,"minecraft:andesite":2,"minecraft:wooden_pickaxe":1},"minecraft:crafted":{"minecraft:cooked_beef":6,"minecraft:oak_planks":56,"minecraft:cooked_porkchop":3,"minecraft:crafting_table":1,"minecraft:wooden_pickaxe":1,"minecraft:iron_helmet":1,"minecraft:iron_sword":1,"minecraft:furnace":1,"minecraft:birch_planks":100,"minecraft:stone_axe":1,"minecraft:air":0,"minecraft:iron_chestplate":1,"minecraft:iron_boots":1,"minecraft:shield":2,"minecraft:iron_axe":1,"minecraft:stick":20,"minecraft:iron_ingot":40,"minecraft:iron_pickaxe":2,"minecraft:stone_pickaxe":1,"minecraft:iron_shovel":1,"minecraft:iron_leggings":1,"minecraft:torch":16},"minecraft:picked_up":{"minecraft:birch_log":25,"minecraft:crafting_table":6,"minecraft:andesite":2,"minecraft:leather":4,"minecraft:oak_log":24,"minecraft:gunpowder":4,"minecraft:lapis_lazuli":26,"minecraft:dirt":39,"minecraft:bone":4,"minecraft:raw_gold":2,"minecraft:beef":7,"minecraft:oak_planks":4,"minecraft:furnace":5,"minecraft:raw_iron":40,"minecraft:stick":2,"minecraft:sandstone":1,"minecraft:torch":2,"minecraft:sand":14,"minecraft:diorite":1,"minecraft:arrow":1,"minecraft:granite":7,"minecraft:coal":72,"minecraft:cobblestone":182},"minecraft:killed":{"minecraft:spider":1,"minecraft:creeper":3,"minecraft:skeleton":2,"minecraft:zombie":2,"minecraft:cow":4}},"DataVersion":3953}