{"stats":{"minecraft:mined":{"minecraft:grass_block":3,"minecraft:oak_log":14,"minecraft:sand":13,"minecraft:dirt":5,"minecraft:stone":24,"minecraft:oak_leaves":4,"minecraft:crafting_table":1},"minecraft:used":{"minecraft:dirt":4,"minecraft:crafting_table":2,"minecraft:wooden_pickaxe":24},"minecraft:custom":{"minecraft:time_since_rest":4252,"minecraft:crouch_one_cm":1181,"minecraft:play_time":4252,"minecraft:sprint_one_cm":2881,"minecraft:walk_one_cm":6339,"minecraft:sneak_time":690,"minecraft:jump":28,"minecraft:time_since_death":4252,"minecraft:total_world_time":4252,"minecraft:fall_one_cm":1047,"minecraft:interact_with_crafting_table":2,"minecraft:fly_one_cm":5301},"minecraft:crafted":{"minecraft:oak_planks":56,"minecraft:crafting_table":1,"minecraft:stick":12,"minecraft:stone_pickaxe":1,"minecraft:wooden_pickaxe":1},"minecraft:picked_up":{"minecraft:crafting_table":1,"minecraft:stick":2,"minecraft:sand":13,"minecraft:oak_log":14,"minecraft:dirt":8,"minecraft:cobblestone":24}},"DataVersion":3953}