{"stats":{"minecraft:mined":{"minecraft:furnace":3,"minecraft:birch_log":25,"minecraft:iron_ore":31,"minecraft:andesite":2,"minecraft:crafting_table":4,"minecraft:granite":3,"minecraft:short_grass":2,"minecraft:oak_log":24,"minecraft:grass_block":9,"minecraft:coal_ore":24,"minecraft:sand":14,"minecraft:dirt":17,"minecraft:cobblestone":11,"minecraft:stone":134,"minecraft:oak_planks":4,"minecraft:sandstone":1,"minecraft:oak_leaves":5},"minecraft:broken":{"minecraft:stone_pickaxe":1},"minecraft:used":{"minecraft:iron_shovel":18,"minecraft:iron_axe":37,"minecraft:stone_pickaxe":131,"minecraft:iron_pickaxe":54,"minecraft:oak_planks":27,"minecraft:wooden_pickaxe":24,"minecraft:iron_sword":18,"minecraft:stone_axe":9,"minecraft:dirt":8,"minecraft:sand":3,"minecraft:cobblestone":30,"minecraft:crafting_table":4,"minecraft:furnace":3,"minecraft:cooked_beef":4},"minecraft:custom":{"minecraft:time_since_rest":28252,"minecraft:interact_with_furnace":17,"minecraft:sprint_one_cm":24991,"minecraft:damage_taken":307,"minecraft:walk_one_cm":77826,"minecraft:mob_kills":8,"minecraft:damage_dealt":1081,"minecraft:interact_with_crafting_table":11,"minecraft:fly_one_cm":24381,"minecraft:crouch_one_cm":6775,"minecraft:play_time":28252,"minecraft:sneak_time":2657,"minecraft:walk_under_water_one_cm":7780,"minecraft:jump":332,"minecraft:time_since_death":28252,"minecraft:walk_on_water_one_cm":5435,"minecraft:total_world_time":28252,"minecraft:fall_one_cm":7507},"minecraft:crafted":{"minecraft:oak_planks":56,"minecraft:cooked_porkchop":3,"minecraft:iron_axe":1,"minecraft:crafting_table":1,"minecraft:stick":20,"minecraft:iron_helmet":1,"minecraft:iron_pickaxe":2,"minecraft:iron_ingot":19,"minecraft:wooden_pickaxe":1,"minecraft:stone_pickaxe":1,"minecraft:iron_sword":1,"minecraft:iron_shovel":1,"minecraft:furnace":1,"minecraft:torch":16,"minecraft:stone_axe":1,"minecraft:air":0,"minecraft:cooked_beef":6},"minecraft:picked_up":{"minecraft:birch_log":25,"minecraft:stick":2,"minecraft:crafting_table":4,"minecraft:raw_iron":30,"minecraft:sandstone":1,"minecraft:andesite":2,"minecraft:leather":4,"minecraft:sand":14,"minecraft:oak_log":24,"minecraft:gunpowder":2,"minecraft:dirt":25,"minecraft:arrow":1,"minecraft:bone":4,"minecraft:beef":7,"minecraft:granite":3,"minecraft:oak_planks":4,"minecraft:coal":24,"minecraft:cobblestone":145,"minecraft:furnace":3},"minecraft:killed":{"minecraft:skeleton":2,"minecraft:zombie":1,"minecraft:creeper":1,"minecraft:cow":4}},"DataVersion":3953}