{"stats":{"minecraft:mined":{"minecraft:iron_ore":20,"minecraft:crafting_table":2,"minecraft:granite":2,"minecraft:oak_log":14,"minecraft:grass_block":3,"minecraft:coal_ore":9,"minecraft:sand":14,"minecraft:dirt":5,"minecraft:cobblestone":9,"minecraft:stone":101,"minecraft:oak_planks":2,"minecraft:oak_leaves":4},"minecraft:used":{"minecraft:stone_pickaxe":117,"minecraft:oak_planks":27,"minecraft:wooden_pickaxe":24,"minecraft:stone_axe":6,"minecraft:dirt":8,"minecraft:sand":3,"minecraft:cobblestone":4,"minecraft:crafting_table":3,"minecraft:furnace":1},"minecraft:custom":{"minecraft:time_since_rest":16252,"minecraft:interact_with_furnace":7,"minecraft:sprint_one_cm":4739,"minecraft:damage_taken":50,"minecraft:walk_one_cm":35944,"minecraft:mob_kills":1,"minecraft:damage_dealt":201,"minecraft:interact_with_crafting_table":7,"minecraft:fly_one_cm":8262,"minecraft:crouch_one_cm":5414,"minecraft:play_time":16252,"minecraft:sneak_time":2234,"minecraft:walk_under_water_one_cm":7780,"minecraft:jump":170,"minecraft:time_since_death":16252,"minecraft:walk_on_water_one_cm":5435,"minecraft:total_world_time":16252,"minecraft:fall_one_cm":3793},"minecraft:crafted":{"minecraft:oak_planks":56,"minecraft:crafting_table":1,"minecraft:stick":12,"minecraft:iron_pickaxe":1,"minecraft:iron_ingot":18,"minecraft:wooden_pickaxe":1,"minecraft:stone_pickaxe":1,"minecraft:furnace":1,"minecraft:torch":16,"minecraft:stone_axe":1,"minecraft:air":0},"minecraft:picked_up":{"minecraft:stick":2,"minecraft:crafting_table":2,"minecraft:raw_iron":19,"minecraft:sand":14,"minecraft:oak_log":14,"minecraft:dirt":8,"minecraft:granite":2,"minecraft:oak_planks":2,"minecraft:coal":9,"minecraft:cobblestone":109},"minecraft:killed":{"minecraft:zombie":1}},"DataVersion":3953}