{
  "amethyst_imbuement:grant_book_on_first_join": {
    "criteria": {
      "amethyst_imbuement:give_if_config": "2024-06-24 22:16:30 +0000"
    },
    "done": true
  },
  "spellbladenext:spellblades/root": {
    "criteria": {
      "always": "2024-06-24 22:16:34 +0000"
    },
    "done": true
  },
  "minecraft:recipes/decorations/crafting_table": {
    "criteria": {
      "unlock_right_away": "2024-06-24 22:16:34 +0000"
    },
    "done": true
  },
  "darkrpg:info_story": {
    "criteria": {
      "darkrpg_info_extras": "2024-06-24 22:16:34 +0000"
    },
    "done": true
  },
  "advancednetherite:recipes/netherite_diamond_block": {
    "criteria": {
      "has_ingredients": "2024-06-24 22:16:34 +0000"
    },
    "done": true
  },
  "advancednetherite:recipes/misc/netherite_diamond_ingot": {
    "criteria": {
      "has_the_recipe": "2024-06-24 22:16:34 +0000"
    },
    "done": true
  },
  "mythic_charms:story/root": {
    "criteria": {
      "requirement": "2024-06-24 22:16:34 +0000"
    },
    "done": true
  },
  "darkbosses:info_graveyard_bosses": {
    "criteria": {
      "info_graveyard_bosses": "2024-06-24 22:16:34 +0000"
    },
    "done": true
  },
  "darkrpg_intro:info_intro": {
    "criteria": {
      "darkrpg_intros": "2024-06-24 22:16:34 +0000"
    },
    "done": true
  },
  "darkbosses:info_souls_bosses": {
    "criteria": {
      "info_souls_bosses": "2024-06-24 22:16:34 +0000"
    },
    "done": true
  },
  "advancednetherite:recipes/netherite_emerald_block": {
    "criteria": {
      "has_ingredients": "2024-06-24 22:16:34 +0000"
    },
    "done": true
  },
  "darkbosses:info_spellblade_bosses": {
    "criteria": {
      "info_spellblade_bosses": "2024-06-24 22:16:34 +0000"
    },
    "done": true
  },
  "darkrpg:root": {
    "criteria": {
      "darkrpg_info_extras": "2024-06-24 22:16:34 +0000"
    },
    "done": true
  },
  "advancednetherite:recipes/netherite_gold_block": {
    "criteria": {
      "has_ingredients": "2024-06-24 22:16:34 +0000"
    },
    "done": true
  },
  "toms_storage:unlock_glowstone": {
    "criteria": {
      "inv_changed-glowstone": "2024-06-24 22:16:34 +0000"
    },
    "done": true
  },
  "beautify:progression/root": {
    "criteria": {
      "Install": "2024-06-24 22:16:34 +0000"
    },
    "done": true
  },
  "advancednetherite:recipes/building_blocks/netherite_diamond_block": {
    "criteria": {
      "has_the_recipe": "2024-06-24 22:16:34 +0000"
    },
    "done": true
  },
  "darkrpg:info_extras": {
    "criteria": {
      "darkrpg_info_extras": "2024-06-24 22:16:34 +0000"
    },
    "done": true
  },
  "minecraft:plushables/root": {
    "criteria": {
      "root": "2024-06-24 22:16:34 +0000"
    },
    "done": true
  },
  "advancednetherite:recipes/misc/netherite_iron_ingot_from_block": {
    "criteria": {
      "has_the_recipe": "2024-06-24 22:16:34 +0000"
    },
    "done": true
  },
  "darkrpg:info_casino": {
    "criteria": {
      "darkrpg_info_extras": "2024-06-24 22:16:34 +0000"
    },
    "done": true
  },
  "farmersdelight:main/root": {
    "criteria": {
      "seeds": "2024-06-24 22:16:34 +0000"
    },
    "done": true
  },
  "darkspins:root": {
    "criteria": {
      "darkrpg_info_extras": "2024-06-24 22:16:34 +0000"
    },
    "done": true
  },
  "things:root": {
    "criteria": {
      "tick": "2024-06-24 22:16:34 +0000"
    },
    "done": true
  },
  "advancednetherite:recipes/building_blocks/netherite_iron_block": {
    "criteria": {
      "has_the_recipe": "2024-06-24 22:16:34 +0000"
    },
    "done": true
  },
  "simplyswords:grant_book_on_first_join": {
    "criteria": {
      "tick": "2024-06-24 22:16:34 +0000"
    },
    "done": true
  },
  "toms_storage:unlock_netherite": {
    "criteria": {
      "inv_changed-netherite": "2024-06-24 22:16:34 +0000"
    },
    "done": true
  },
  "toms_storage:unlock_chest": {
    "criteria": {
      "inv_changed-chest": "2024-06-24 22:16:34 +0000"
    },
    "done": true
  },
  "darkbosses:info_vanilla_bosses": {
    "criteria": {
      "info_vanilla_bosses": "2024-06-24 22:16:34 +0000"
    },
    "done": true
  },
  "darkrpg:info_crafting": {
    "criteria": {
      "darkrpg_info_crafting": "2024-06-24 22:16:34 +0000"
    },
    "done": true
  },
  "minecraft:clutter/root": {
    "criteria": {
      "requirement": "2024-06-24 22:16:34 +0000"
    },
    "done": true
  },
  "advancednetherite:recipes/building_blocks/netherite_emerald_block": {
    "criteria": {
      "has_the_recipe": "2024-06-24 22:16:34 +0000"
    },
    "done": true
  },
  "rpg_classes:root": {
    "criteria": {
      "always": "2024-06-24 22:16:34 +0000"
    },
    "done": true
  },
  "rewards:rewards": {
    "criteria": {
      "january": "2024-06-24 22:16:34 +0000"
    },
    "done": true
  },
  "advancednetherite:recipes/misc/netherite_emerald_ingot_from_block": {
    "criteria": {
      "has_the_recipe": "2024-06-24 22:16:34 +0000"
    },
    "done": true
  },
  "advancednetherite:recipes/netherite_iron_block": {
    "criteria": {
      "has_ingredients": "2024-06-24 22:16:34 +0000"
    },
    "done": true
  },
  "advancednetherite:recipes/netherite_ingots": {
    "criteria": {
      "has_ingredients": "2024-06-24 22:16:34 +0000"
    },
    "done": true
  },
  "toms_storage:unlock_dia_pearl": {
    "criteria": {
      "inv_changed-ender_pearl": "2024-06-24 22:16:34 +0000",
      "inv_changed-diamond": "2024-06-24 22:16:34 +0000"
    },
    "done": true
  },
  "advancednetherite:recipes/misc/netherite_diamond_ingot_from_block": {
    "criteria": {
      "has_the_recipe": "2024-06-24 22:16:34 +0000"
    },
    "done": true
  },
  "mythic_charms:book/grant_book_on_first_join": {
    "criteria": {
      "tick": "2024-06-24 22:16:34 +0000"
    },
    "done": true
  },
  "darkbosses:info_bomd_bosses": {
    "criteria": {
      "info_bomd_bosses": "2024-06-24 22:16:34 +0000"
    },
    "done": true
  },
  "advancednetherite:recipes/building_blocks/netherite_gold_block": {
    "criteria": {
      "has_the_recipe": "2024-06-24 22:16:34 +0000"
    },
    "done": true
  },
  "darktides:info_darktides": {
    "criteria": {
      "info_darktides": "2024-06-24 22:16:34 +0000"
    },
    "done": true
  },
  "dungeons_arise:wda_root": {
    "criteria": {
      "WDA": "2024-06-24 22:16:34 +0000"
    },
    "done": true
  },
  "advancednetherite:recipes/misc/netherite_gold_ingot": {
    "criteria": {
      "has_the_recipe": "2024-06-24 22:16:34 +0000"
    },
    "done": true
  },
  "more_rpg_content:root": {
    "criteria": {
      "always": "2024-06-24 22:16:34 +0000"
    },
    "done": true
  },
  "advancednetherite:recipes/misc/netherite_gold_ingot_from_block": {
    "criteria": {
      "has_the_recipe": "2024-06-24 22:16:34 +0000"
    },
    "done": true
  },
  "darkbosses:root": {
    "criteria": {
      "darkbosses_info_extras": "2024-06-24 22:16:34 +0000"
    },
    "done": true
  },
  "lootr:root": {
    "criteria": {
      "always_true": "2024-06-24 22:16:34 +0000"
    },
    "done": true
  },
  "advancednetherite:recipes/misc/netherite_emerald_ingot": {
    "criteria": {
      "has_the_recipe": "2024-06-24 22:16:34 +0000"
    },
    "done": true
  },
  "advancednetherite:recipes/misc/netherite_iron_ingot": {
    "criteria": {
      "has_the_recipe": "2024-06-24 22:16:34 +0000"
    },
    "done": true
  },
  "dungeons_arise:find_heavenly_rider": {
    "criteria": {
      "location0": "2024-06-24 22:16:35 +0000"
    },
    "done": true
  },
  "minecraft:adventure/adventuring_time": {
    "criteria": {
      "minecraft:old_growth_pine_taiga": "2024-06-24 22:19:58 +0000",
      "minecraft:taiga": "2024-06-24 22:20:00 +0000",
      "minecraft:birch_forest": "2024-06-24 22:21:52 +0000",
      "minecraft:river": "2024-06-24 22:22:25 +0000",
      "minecraft:stony_shore": "2024-06-24 22:22:59 +0000",
      "minecraft:grove": "2024-06-24 22:19:28 +0000",
      "minecraft:cold_ocean": "2024-06-24 22:23:07 +0000",
      "minecraft:forest": "2024-06-24 22:22:31 +0000",
      "minecraft:lush_caves": "2024-06-24 22:19:39 +0000",
      "minecraft:frozen_peaks": "2024-06-24 22:20:09 +0000",
      "minecraft:deep_dark": "2024-06-24 22:17:10 +0000",
      "minecraft:plains": "2024-06-24 22:16:35 +0000"
    },
    "done": false
  },
  "regions_unexplored:parent": {
    "criteria": {
      "load_in_world": "2024-06-24 22:16:35 +0000"
    },
    "done": true
  },
  "graveyard:graveyard/crypt": {
    "criteria": {
      "crypt": "2024-06-24 22:19:25 +0000"
    },
    "done": true
  },
  "farmersdelight:recipes/cooking/apple_cider": {
    "criteria": {
      "has_apple": "2024-06-24 22:19:10 +0000"
    },
    "done": true
  },
  "croptopia:recipes/campfire_toast": {
    "criteria": {
      "has_bread": "2024-06-24 22:19:10 +0000"
    },
    "done": true
  },
  "croptopia:recipes/fruit_smoothie": {
    "criteria": {
      "has_fruit": "2024-06-24 22:19:10 +0000"
    },
    "done": true
  },
  "croptopia:recipes/cheeseburger": {
    "criteria": {
      "has_bread": "2024-06-24 22:19:10 +0000"
    },
    "done": true
  },
  "croptopia:recipes/food/toast_from_smoking_bread": {
    "criteria": {
      "has_bread": "2024-06-24 22:19:10 +0000"
    },
    "done": true
  },
  "regions_unexplored:regions_explored": {
    "criteria": {
      "maple_forest": "2024-06-24 22:21:28 +0000",
      "mountains": "2024-06-24 22:20:12 +0000",
      "boreal_forest": "2024-06-24 22:20:43 +0000",
      "pine_slopes": "2024-06-24 22:20:07 +0000"
    },
    "done": false
  },
  "regions_unexplored:pioneer": {
    "criteria": {
      "maple_forest": "2024-06-24 22:21:28 +0000",
      "mountains": "2024-06-24 22:20:12 +0000",
      "boreal_forest": "2024-06-24 22:20:43 +0000",
      "pine_slopes": "2024-06-24 22:20:07 +0000"
    },
    "done": false
  },
  "minecraft:adventure/avoid_vibration": {
    "criteria": {
      "avoid_vibration": "2024-06-24 22:19:06 +0000"
    },
    "done": true
  },
  "croptopia:recipes/misc/apple_sapling": {
    "criteria": {
      "has_apple": "2024-06-24 22:19:10 +0000"
    },
    "done": true
  },
  "croptopia:recipes/food/toast_from_bread": {
    "criteria": {
      "has_bread": "2024-06-24 22:19:10 +0000"
    },
    "done": true
  },
  "croptopia:recipes/misc/apple_pie": {
    "criteria": {
      "has_apple": "2024-06-24 22:19:10 +0000"
    },
    "done": true
  },
  "compressedblocks:recipes/misc/shaped_crated_torch": {
    "criteria": {
      "has_item": "2024-06-24 22:19:10 +0000"
    },
    "done": true
  },
  "croptopia:recipes/documentation": {
    "criteria": {
      "has_crop": "2024-06-24 22:19:10 +0000"
    },
    "done": true
  },
  "compressedblocks:recipes/misc/shaped_crated_bread": {
    "criteria": {
      "has_item": "2024-06-24 22:19:10 +0000"
    },
    "done": true
  },
  "immersive_armors:recipes/misc/warrior": {
    "criteria": {
      "has_item": "2024-06-24 22:19:10 +0000"
    },
    "done": true
  },
  "croptopia:recipes/misc/apple_juice": {
    "criteria": {
      "has_apple": "2024-06-24 22:19:10 +0000"
    },
    "done": true
  },
  "compressedblocks:recipes/misc/shaped_crated_apple": {
    "criteria": {
      "has_item": "2024-06-24 22:19:10 +0000"
    },
    "done": true
  },
  "croptopia:recipes/fruit_salad": {
    "criteria": {
      "has_apple": "2024-06-24 22:19:10 +0000"
    },
    "done": true
  },
  "DataVersion": 3465
}